sense_time,magnet_x,magnet_y,magnet_z,brightness,sublat,sublong,image_path
1587473196.2013657,10.448518753051758,-10.219980239868164,62.623348236083984,120.5181884765625,49.73814787570653,-63.59438189018215,
1587473218.4810102,10.299482345581055,-10.017217636108398,62.35128402709961,112.2004508972168,50.118732846448815,-61.52908977952121,
1587473241.9158564,10.114873886108398,-9.920600891113281,62.74197006225586,106.05514526367188,50.475142362623835,-59.32142237561134,
1587473264.2156506,9.817997932434082,-10.054533958435059,62.6287956237793,136.58805084228516,50.77135400654895,-57.19019844889227,
1587473286.8467422,9.455493927001953,-10.137681007385254,62.1744384765625,112.06060791015625,51.02813838349016,-55.000395404756574,
1587473309.7821057,9.05334758758545,-10.246517181396484,62.07954406738281,134.32860565185547,51.242404832848045,-52.75746714925652,
1587473332.3597174,8.661995887756348,-10.32711124420166,62.17489242553711,119.77761459350586,51.40736756168219,-50.530511291130544,
1587473355.3923137,7.753302574157715,-10.481472969055176,62.11799621582031,133.81427001953125,51.52804675903256,-48.243647843794385,
1587473377.9128404,7.258775234222412,-10.598686218261719,61.80044937133789,120.16498184204102,51.599090971684454,-45.99789188997794,
1587473400.162123,7.027459621429443,-10.683283805847168,61.743080139160156,127.41163635253906,51.62344059607555,-43.77424867359942,
1587473424.096354,6.834428787231445,-11.004539489746094,61.55152130126953,137.1222267150879,51.598664084861326,-41.38221397342341,
1587473446.3969882,6.620405673980713,-11.044910430908203,61.27192306518555,121.88994598388672,51.52811847601885,-39.1582941343835,
1587473469.0314047,6.429504871368408,-10.96745777130127,60.750579833984375,109.19729995727539,51.40996986375597,-36.910799897423296,
1587473491.942964,6.065385818481445,-11.142842292785645,60.6717414855957,137.71399307250977,51.243057115913786,-34.65044099916137,
1587473514.4402068,5.820157527923584,-11.075047492980957,60.41108322143555,125.5045394897461,51.03346593104277,-32.44998969010963,
1587473537.5449064,5.718739986419678,-11.208395004272461,59.9158821105957,124.28379821777344,50.771838949980015,-30.21380283132038,
1587473560.0132902,5.157865047454834,-11.198779106140137,59.649658203125,131.39625549316406,50.473260645507494,-28.066235969464753,
1587473582.5790846,4.916672706604004,-11.377644538879395,59.348690032958984,105.18600845336914,50.130576394469614,-25.939659986475867,
1587473605.746142,4.857695579528809,-11.632226943969727,58.82371139526367,111.89763641357422,49.735327007579315,-23.791375954757388,
1587473628.0792286,4.625726222991943,-11.787705421447754,58.447731018066406,96.56972122192383,49.31384969427617,-21.756556733078455,
1587473650.7306097,4.1707916259765625,-12.100674629211426,57.96875762939453,135.21399307250977,48.847105302248764,-19.731303191332124,
1587473673.6273973,3.6694319248199463,-12.28404426574707,57.549583435058594,100.23739624023438,48.336504265560706,-17.72550202834199,
1587473696.1586905,3.482983112335205,-12.382810592651367,57.19934844970703,125.49087524414062,47.797394019277014,-15.793902332947582,
1587473719.2949748,3.1275553703308105,-12.336531639099121,56.93879699707031,99.1009407043457,47.20749107123052,-13.85522656157304,
1587473741.6943486,2.6965084075927734,-12.501781463623047,56.597747802734375,116.62185668945312,46.60272904664467,-12.022189057222855,
1587473764.2064292,2.6705563068389893,-12.375409126281738,55.95461654663086,115.71186447143555,45.963027189359615,-10.223912093106156,image0.jpg
1587473787.262149,2.1837172508239746,-12.775754928588867,55.54952621459961,113.20944595336914,45.276220932463566,-8.42805813859752,
1587473809.5726602,1.992601752281189,-12.885992050170898,55.26322937011719,121.51576232910156,44.5825400901679,-6.73432447680386,
1587473832.6181395,1.5464354753494263,-13.159072875976562,55.03097152709961,138.52468490600586,43.837383527192436,-5.0298251562177905,
1587473855.3571613,1.2368659973144531,-13.289962768554688,54.65666961669922,127.35549545288086,43.07518564223779,-3.392611736692809,
1587473877.893465,1.0324716567993164,-13.44748306274414,54.60346984863281,130.93097686767578,42.294542831429524,-1.8125900524092833,
1587473901.1243691,0.7585455775260925,-13.57264232635498,54.007530212402344,129.90719985961914,41.46497537559645,-0.2274743543458236,
1587473923.5919604,0.368892639875412,-13.695740699768066,53.593318939208984,127.06993865966797,40.63990559933184,1.264493731777088,
1587473946.1364355,0.0345202274620533,-13.960042953491211,52.8564567565918,119.34144592285156,39.790721840202494,2.722109354788994,
1587473969.3270001,-0.15674853324890137,-14.32058048248291,52.56916046142578,136.30730438232422,38.89614464384924,4.181521210830907,
1587473991.6954021,-0.37166905403137207,-14.283456802368164,51.854248046875,108.96234130859375,38.01417939179842,5.55201830458783,
1587474015.4621549,-0.5876501202583313,-14.478487968444824,51.443382263183594,122.98249816894531,37.05765237967316,6.969665047958996,
1587474037.8960738,-1.0031758546829224,-14.60571002960205,50.71232604980469,115.89920425415039,36.13746197393236,8.272737075550491,
1587474060.3936663,-1.461545705795288,-14.936341285705566,50.09519577026367,127.72832107543945,35.19875151025707,9.54664248783874,
1587474083.482039,-1.7259031534194946,-15.215106010437012,49.41574478149414,121.35592651367188,34.219725855005784,10.821241164327745,
1587474106.0483215,-1.519535779953003,-15.31142807006836,48.73912811279297,132.44777297973633,33.24841831351661,12.03629339785893,
1587474128.5377312,-1.9716352224349976,-15.355889320373535,48.40742874145508,114.6451644897461,32.26706356375835,13.21831398279029,
1587474151.6247337,-2.5359764099121094,-15.378856658935547,47.71620178222656,123.6666145324707,31.246616226285518,14.403079449994348,
1587474173.9612036,-3.126309871673584,-15.601214408874512,46.98291015625,132.80941772460938,30.24745858845562,15.523076794620113,
1587474197.2270944,-3.51961612701416,-15.967512130737305,46.127140045166016,124.90397644042969,29.19511426755883,16.663491282222342,
1587474219.4557676,-3.9759576320648193,-15.94352912902832,45.34931564331055,118.27002716064453,28.179220958715103,17.729424264472872,
1587474242.123195,-4.384358882904053,-15.927471160888672,44.443241119384766,122.79049682617188,27.133438742063404,18.793776057930543,
1587474265.0741482,-4.621984481811523,-16.172908782958984,43.34754943847656,125.74052429199219,26.065104948319615,19.84937325641955,
1587474287.507193,-4.880928039550781,-16.476913452148438,42.55045700073242,122.81623840332031,25.012174938701495,20.86092598004573,
1587474310.0447667,-5.373561859130859,-16.269168853759766,41.77655029296875,119.18527603149414,23.946265862113062,21.858147259245932,
1587474333.2049081,-5.761233329772949,-16.5848331451416,40.906917572021484,117.21826171875,22.843028094163213,22.864169237191696,
1587474355.4741285,-6.022125244140625,-16.880922317504883,39.852783203125,115.33662033081055,21.775177536303204,23.814648116806914,image1.jpg
1587474378.7722058,-6.538635730743408,-17.008880615234375,38.7825927734375,116.37149429321289,20.651126474405036,24.792430677629262,
1587474401.088068,-6.74821662902832,-16.863754272460938,37.74384307861328,113.16919708251953,19.568314387168112,25.71409640423078,
1587474423.9554362,-6.727880001068115,-16.616201400756836,36.63740158081055,117.81878280639648,18.452982061745463,26.64439036730132,
1587474446.8612235,-6.921120643615723,-16.725614547729492,35.677528381347656,118.70503234863281,17.330314113154223,27.562912499337344,
1587474469.2886765,-7.0905256271362305,-16.866363525390625,34.46284103393555,112.3078498840332,16.226229401747293,28.450225789508284,
1587474492.0240278,-7.486060619354248,-16.80288314819336,32.76555633544922,117.54024505615234,15.10249423609824,29.33846286276447,
1587474515.0863028,-7.8683319091796875,-16.710256576538086,31.8703556060791,109.5036849975586,13.958296677469471,30.228866813534843,
1587474537.321086,-8.023236274719238,-16.423490524291992,30.57890510559082,109.09972381591797,12.851487574357353,31.07798910096166,
1587474560.6275241,-8.104239463806152,-16.41507339477539,29.43916893005371,113.06383895874023,11.687727500172024,31.959168881257927,
1587474582.9910858,-8.08071517944336,-16.29492950439453,28.42485237121582,104.25475692749023,10.568071665004759,32.7968676772979,
1587474606.2553713,-8.223849296569824,-16.283069610595703,27.680709838867188,109.14944458007812,9.400409845256059,33.661142739398386,
1587474629.224903,-7.995594024658203,-16.369384765625,26.191240310668945,111.2064323425293,8.245117498094253,34.5080110643991,
1587474651.7905068,-8.110499382019043,-16.00189208984375,24.984657287597656,118.0692024230957,7.107973817330816,35.33463812379448,
1587474674.8968863,-8.091468811035156,-15.486815452575684,24.026521682739258,120.60140991210938,5.941783903348254,36.17629842955305,
1587474697.3358197,-7.725775718688965,-15.465315818786621,22.996253967285156,126.77286911010742,4.807808149699233,36.98979786536366,
1587474719.5348685,-7.795610427856445,-15.263886451721191,21.761720657348633,113.16960144042969,3.6848447954263897,37.791569866369365,
1587474742.8061116,-7.984503746032715,-14.71904468536377,20.911291122436523,116.11537551879883,2.5066967143110164,38.6296409077191,
1587474765.106165,-7.874750137329102,-14.311043739318848,19.79362678527832,109.61654663085938,1.3771440417581082,39.43110213511757,
1587474788.02527,-7.894536972045898,-13.981340408325195,18.467721939086914,112.3533706665039,0.215932948814302,40.25389404329398,
1587474810.9386292,-8.385982513427734,-13.78813362121582,17.60703468322754,96.04587936401367,-0.9449593397139087,41.07627955521478,
1587474833.3409257,-8.109439849853516,-13.58411693572998,16.724159240722656,121.8054313659668,-2.0796728605149957,41.88086559415853,
1587474856.4264932,-8.05725383758545,-13.121747970581055,15.517956733703613,120.45322799682617,-3.248464436241098,42.71135854062413,
1587474878.9891725,-7.995141983032227,-12.631348609924316,14.051040649414062,121.84098052978516,-4.389835577213949,43.525018485880246,
1587474901.3885422,-7.952685832977295,-12.254830360412598,13.24531364440918,107.48786163330078,-5.5218625925154,44.33554337430732,
1587474924.6239064,-7.716076850891113,-11.903608322143555,12.54348087310791,114.19690704345703,-6.694597108383304,45.17992209535556,
1587474947.0698524,-7.798579692840576,-11.376742362976074,11.730732917785645,111.18559265136719,-7.825724246261606,45.999869229742664,image2.jpg
1587474969.7337105,-7.609943866729736,-11.006902694702148,10.460615158081055,108.44740676879883,-8.965746851760203,46.8327698178907,
1587474992.7351747,-7.381963729858398,-10.449252128601074,9.957718849182129,107.99344253540039,-10.120341665853022,47.684036784716895,
1587475015.3013268,-7.408373832702637,-10.006380081176758,8.891276359558105,102.91424179077148,-11.250352921575672,48.52577222255634,
1587475039.1363006,-7.312636852264404,-9.630814552307129,7.778994560241699,98.15683364868164,-12.440654257102025,49.42283560776748,
1587475061.654342,-6.998715877532959,-9.054683685302734,6.647270679473877,98.96410369873047,-13.561734186711238,50.278689046621345,
1587475084.4726768,-6.827802658081055,-8.562538146972656,5.518979549407959,125.26805114746094,-14.693994282218116,51.155094524687776,
1587475107.5514514,-6.732904434204102,-7.943184852600098,5.205272197723389,108.48757934570312,-15.834950062312066,52.05174809854871,
1587475130.171871,-6.717501640319824,-7.635429382324219,3.999917984008789,112.26976776123047,-16.948728519698534,52.94146561530749,
1587475153.3039489,-6.725733280181885,-7.236083984375,3.471642017364502,97.9272575378418,-18.082737997406582,53.86342162494874,
1587475175.7055125,-6.863957405090332,-6.703922748565674,3.249823570251465,114.17853546142578,-19.1756877929191,54.76879735037978,
1587475198.204793,-6.6466145515441895,-6.474435329437256,2.250490665435791,110.39495849609375,-20.26784187139331,55.69150468082972,
1587475222.0449846,-6.357545852661133,-5.866370677947998,1.567876935005188,95.96744918823242,-21.418484567277627,56.68484641258136,
1587475244.5362062,-6.41008186340332,-5.721192836761475,0.600596010684967,101.60575103759766,-22.497393201403888,57.63782172633822,
1587475267.357016,-6.1969733238220215,-5.413145065307617,-0.03774373233318329,111.2250862121582,-23.58500008143816,58.621485080035946,
1587475290.5865033,-6.170124053955078,-4.9348907470703125,-0.8053575158119202,103.56207656860352,-24.68422169815604,59.64118451179466,
1587475313.1521633,-6.057699680328369,-4.540901184082031,-1.37675142288208,95.35787582397461,-25.743935793167275,60.650679640933376,
1587475336.652534,-6.231316566467285,-4.241854667663574,-1.9016296863555908,103.73654556274414,-26.838437749168676,61.72298518967953,
1587475359.1856112,-6.051513195037842,-3.609571695327759,-2.933081865310669,103.45611190795898,-27.878578229565946,62.77243009527365,
1587475381.668605,-5.894453048706055,-3.3444416522979736,-4.223405838012695,116.59372329711914,-28.906822227976345,63.84159375700159,
1587475405.0698686,-5.856576442718506,-3.0753109455108643,-4.841831207275391,106.9990119934082,-29.966095775786112,64.97894319721378,
1587475427.702959,-5.591583251953125,-2.8882291316986084,-5.695678234100342,102.32156753540039,-30.979340678779163,66.10409391956831,
1587475450.4180617,-5.618532657623291,-2.7302966117858887,-5.649478435516357,79.3825798034668,-31.9844576566599,67.25950921013518,
1587475473.517492,-5.385026454925537,-2.5107853412628174,-6.454665660858154,36.23918914794922,-32.99364201219138,68.4626538626221,
1587475496.1541204,-4.615067005157471,-2.3455443382263184,-7.31624698638916,115.49250793457031,-33.96914670492553,69.6705864777172,
1587475519.5534582,-4.7524003982543945,-2.128725290298462,-8.01976203918457,128.83452224731445,-34.962683097068506,70.95075517347435,
1587475541.8854313,-4.697582721710205,-1.943200945854187,-8.949328422546387,131.45157623291016,-35.8959942962049,72.20378069746987,image3.jpg
1587475564.4027686,-4.5279154777526855,-1.7355163097381592,-9.780128479003906,132.80322265625,-36.82141321175534,73.49945392264294,
1587475587.4172108,-4.4818806648254395,-1.873836636543274,-10.507545471191406,132.83340454101562,-37.75004573131027,74.85851813350291,
1587475609.8003395,-4.201817989349365,-1.5813254117965698,-11.080890655517578,132.95665740966797,-38.635535360972824,76.21535570269346,
1587475632.628637,-4.097078323364258,-1.3589414358139038,-11.899595260620117,133.25383377075195,-39.519993632070694,77.63669074821642,
1587475654.9329476,-3.7359519004821777,-1.5250742435455322,-12.464957237243652,129.70630645751953,-40.363989862525415,79.06170043551286,
1587475677.3002295,-3.60713529586792,-1.4435780048370361,-13.304736137390137,130.7629051208496,-41.19012856339514,80.52937831455438,
1587475700.6368666,-3.3059256076812744,-1.5424751043319702,-14.130598068237305,131.34358596801758,-42.028930434986066,82.10258944646175,
1587475723.0703838,-3.027270793914795,-1.3435299396514893,-14.577554702758789,103.14094161987305,-42.811803302558346,83.65640967131546,
1587475745.5849974,-2.8454387187957764,-1.3761802911758423,-15.264445304870605,19.03853988647461,-43.57307569688045,85.25759725806321,
1587475768.417356,-2.4501795768737793,-1.4295663833618164,-15.981602668762207,2.5471763610839844,-44.31881965612454,86.92498303824672,
1587475790.7299595,-2.133122444152832,-1.482803463935852,-16.767854690551758,1.5328865051269531,-45.020642083910865,88.59730704520015,
1587475814.3016107,-1.8668192625045776,-1.307224988937378,-17.569732666015625,0.7052116394042969,-45.73172624821172,90.41066762832519,
1587475836.699827,-1.4548181295394897,-1.2124691009521484,-18.25804328918457,1.0472412109375,-46.37706642665662,92.17832058552449,
1587475859.0661647,-1.298606514930725,-1.332712173461914,-18.74405860900879,1.4699668884277344,-46.9905915839476,93.98677709282543,
1587475882.200442,-0.8561989068984985,-1.3317214250564575,-19.622053146362305,2.0010032653808594,-47.59121792899101,95.9025358719873,
1587475904.4324641,-0.5129116177558899,-1.6212656497955322,-20.299198150634766,1.4581031799316406,-48.13445702462798,97.78624057337429,
1587475926.9488583,-0.24790608882904053,-1.5639584064483643,-20.675132751464844,2.152263641357422,-48.64931668426353,99.7356926757118,
1587475949.8129122,0.41890785098075867,-1.589212417602539,-21.443187713623047,2.4572181701660156,-49.134325002131554,101.75678663225361,
1587475972.099151,0.7212780714035034,-1.4572319984436035,-21.875059127807617,3.2305526733398438,-49.56912459941081,103.76561356904605,
1587475995.0634458,1.1976956129074097,-1.932078242301941,-22.65825843811035,1.6642189025878906,-49.97646000603745,105.8726791166708,
1587476017.315287,1.9500229358673096,-2.0705058574676514,-23.007835388183594,1.2041473388671875,-50.33071118243475,107.94863315262613,
1587476039.6135411,2.5392770767211914,-1.9125514030456543,-23.641372680664062,2.0395164489746094,-50.64460618612102,110.05977632318537,
1587476062.8010392,3.211992025375366,-1.9698210954666138,-24.157508850097656,2.6127471923828125,-50.92627294220859,112.2842869735885,
1587476085.0155575,3.7263588905334473,-2.18296217918396,-24.6661376953125,1.9904632568359375,-51.152410260343956,114.43977173223945,
1587476107.5504158,4.297647953033447,-2.3078231811523438,-24.762615203857422,3.8098907470703125,-51.33731031136537,116.64676294742148,
1587476130.4809675,4.841423511505127,-2.4517407417297363,-25.007492065429688,1.6971321105957031,-51.47877377436009,118.90911284582647,image4.jpg
1587476152.71336,5.709323883056641,-2.559903860092163,-24.966922760009766,3.954357147216797,-51.57048272434585,121.11440334390517,
1587476175.8796272,6.236455917358398,-2.9128713607788086,-24.900564193725586,3.2598495483398438,-51.61806865229333,123.41963316991948,
1587476198.076743,6.851797580718994,-3.089393377304077,-24.99953269958496,2.8453407287597656,-51.61757346357851,125.63074298917103,
1587476220.296859,7.507497787475586,-3.005425453186035,-25.463363647460938,2.8747177124023438,-51.57189998859863,127.84172986501751,
1587476243.4946685,8.09958267211914,-2.6814444065093994,-25.75650405883789,2.029216766357422,-51.476168057191735,130.142547388828,
1587476265.8297753,8.75574779510498,-2.7602620124816895,-25.827327728271484,4.291252136230469,-51.33796259443111,132.3460210565875,
1587476288.5302196,9.499444961547852,-2.752135992050171,-25.921842575073242,2.0846633911132812,-51.151734071616126,134.56904272575153,
1587476311.6954298,10.325532913208008,-2.7301974296569824,-26.113298416137695,1.8983535766601562,-50.914835790443405,136.8159563966323,
1587476334.328856,11.082767486572266,-2.800016164779663,-26.070171356201172,2.3789405822753906,-50.63848633662469,138.98620802426882,
1587476357.661547,11.782051086425781,-2.907832384109497,-25.953214645385742,3.6766357421875,-50.30816472798453,141.19358856023354,
1587476380.2785697,12.581677436828613,-3.036254405975342,-25.451183319091797,0.6620635986328125,-49.9450616264229,143.3008112022092,
1587476403.379834,13.135126113891602,-3.076090097427368,-25.171602249145508,1.6179771423339844,-49.53178054012377,145.41724093918603,
1587476426.714898,13.882621765136719,-3.096320152282715,-24.898502349853516,3.6207809448242188,-49.0721566203061,147.515557014484,
1587476449.2439392,14.390728950500488,-2.9855728149414062,-24.770214080810547,2.2542190551757812,-48.58957301959343,149.50153013831357,
1587476471.9924235,14.788715362548828,-2.9151177406311035,-24.530044555664062,1.6111183166503906,-48.06497351020143,151.465359788854,
1587476495.0572803,15.813433647155762,-3.0542166233062744,-24.19658851623535,1.1777992248535156,-47.496261224054905,153.4126467212246,
1587476517.6957247,16.55103874206543,-2.9520182609558105,-23.51793670654297,1.7523574829101562,-46.903445200327404,155.28007508181946,
1587476540.9928362,17.184703826904297,-3.08337140083313,-23.26774024963379,0.7412834167480469,-46.25913979554176,157.15576797131,
1587476563.4932394,17.87188720703125,-2.913585662841797,-23.0554256439209,3.6906776428222656,-45.60535408818814,158.9226696077006,
1587476586.3601658,18.598983764648438,-3.1053307056427,-22.25814437866211,1.4283790588378906,-44.91061115147654,160.67353395992004,
1587476609.5938962,19.348840713500977,-2.991701602935791,-21.516897201538086,2.380542755126953,-44.17495879673115,162.40635295235228,
1587476632.0270085,19.858407974243164,-3.1818740367889404,-20.728961944580078,2.264026641845703,-43.43756132865282,164.0358311826422,
1587476655.3929622,20.548860549926758,-3.099713087081909,-20.433101654052734,3.4652023315429688,-42.64261951681713,165.6882315277867,
1587476677.8963478,20.913293838500977,-3.33542799949646,-19.598262786865234,4.050960540771484,-41.85243151664377,167.23719548814054,
1587476700.4780617,21.445085525512695,-3.142355442047119,-18.700273513793945,2.5477638244628906,-41.03648004292112,168.750669785567,
1587476723.8087473,22.168010711669922,-2.741807699203491,-18.37049102783203,0.7361564636230469,-40.170517924095634,170.27249057415918,image5.jpg
1587476746.3412232,22.851076126098633,-2.9811697006225586,-17.446300506591797,0.9128837585449219,-39.31325746627275,171.70299173354832,
1587476769.0760021,23.38031005859375,-2.8233845233917236,-16.889528274536133,1.9297943115234375,-38.42859087440519,173.1085217213319,
1587476792.2095914,23.75568962097168,-2.7944867610931396,-15.274354934692383,2.9402008056640625,-37.509158619662266,174.50110167044912,
1587476814.676819,23.946191787719727,-3.114485502243042,-14.976426124572754,1.5682754516601562,-36.598708063677904,175.81850855756116,
1587476838.0409515,24.330076217651367,-2.7187983989715576,-14.116477012634277,2.1659584045410156,-35.63465759818187,177.15326412516507,
1587476860.6549983,25.058706283569336,-2.830922842025757,-13.587565422058105,1.6732749938964844,-34.68566086961654,178.41246414017027,
1587476883.5399654,25.25068473815918,-2.9842662811279297,-12.555632591247559,3.2251853942871094,-33.7104054787871,179.6552170596541,
1587476906.624167,25.603315353393555,-3.2090277671813965,-11.756937980651855,0.9666557312011719,-32.71230993537314,-179.12186124774612,
1587476929.1256251,25.722993850708008,-3.1501009464263916,-10.719018936157227,1.1347198486328125,-31.726348223019702,-177.9581062962027,
1587476951.8905249,26.216888427734375,-3.148592710494995,-9.78576374053955,1.8877410888671875,-30.716450112719958,-176.80776583618913,
1587476975.1576548,26.80967140197754,-3.2468390464782715,-9.022639274597168,1.2205162048339844,-29.672182490516708,-175.6588597159013,
1587476997.3239822,27.05926513671875,-3.222395896911621,-7.739880561828613,2.0241622924804688,-28.66666253147494,-174.5882958653935,
1587477021.0701408,27.810209274291992,-3.218902826309204,-6.498952865600586,0.8589820861816406,-27.57860144386086,-173.4660274828687,
1587477043.2548645,28.251253128051758,-3.3797552585601807,-5.629814624786377,2.054492950439453,-26.552558473910498,-172.4393544279674,
1587477066.1063159,28.581619262695312,-3.436873197555542,-4.81343936920166,1.839813232421875,-25.48663402939643,-171.40262733460784,
1587477088.9724648,28.810619354248047,-3.3488354682922363,-3.485018014907837,0.6019783020019531,-24.41143589553678,-170.38524333697777,
1587477111.3759415,29.135374069213867,-3.51523756980896,-2.514862537384033,3.8054351806640625,-23.350132073996225,-169.40669579496839,
1587477134.4068482,29.294206619262695,-3.4478626251220703,-1.7618688344955444,3.3683204650878906,-22.251613966762857,-168.41854500698594,
1587477156.8406477,29.34908676147461,-3.4391379356384277,-0.5139508843421936,1.6023597717285156,-21.174677549759437,-167.4722632786157,
1587477179.1390464,29.4647216796875,-3.682556390762329,0.6048629879951477,2.004161834716797,-20.097917010127144,-166.54656774040387,
1587477202.4712632,29.848283767700195,-3.7457635402679443,1.996716856956482,3.687580108642578,-18.965068664578,-165.59290940773002,
1587477224.6560113,30.118677139282227,-3.917107582092285,3.1803958415985107,1.910400390625,-17.88244269999596,-164.69932941899557,
1587477247.3209326,30.505876541137695,-4.013785362243652,4.198704719543457,1.5014190673828125,-16.771268252230556,-163.79875531655105,
1587477270.1205857,30.732019424438477,-4.091366767883301,5.651094436645508,3.3544540405273438,-15.648648114963507,-162.9044786485213,
1587477292.588698,30.938753128051758,-4.165808200836182,6.651096820831299,0.9847908020019531,-14.538018374784413,-162.03379345388475,
1587477315.7895222,31.05790138244629,-4.300198078155518,7.701303005218506,1.4007606506347656,-13.386988065664694,-161.14480335227256,image6.jpg
1587477338.2871382,31.21726417541504,-4.400729179382324,8.667067527770996,2.8535003662109375,-12.267126471048682,-160.29167174380297,
1587477360.321169,31.319541931152344,-4.55032205581665,9.876258850097656,3.668079376220703,-11.167242325981311,-159.4639484390458,
1587477383.5548728,31.09834098815918,-4.558447360992432,10.99705696105957,1.0932960510253906,-10.0043778603509,-158.59863177309688,
1587477405.9702737,31.270584106445312,-4.2933125495910645,12.475040435791016,1.9343681335449219,-8.879802581433932,-157.77026643055774,
1587477428.670491,31.25215721130371,-4.299716472625732,13.743087768554688,2.1588973999023438,-7.738597499435277,-156.93710629522124,
1587477451.4043267,31.02543830871582,-4.169987678527832,14.927929878234863,1.8055267333984375,-6.593636240279937,-156.10768910354992,
1587477473.8383765,30.994205474853516,-4.401352882385254,16.218141555786133,1.6896324157714844,-5.462031842933381,-155.29335296956597,
1587477496.9365988,30.845979690551758,-4.3536763191223145,17.39652442932129,1.0525360107421875,-4.295508530341958,-154.45847162655863,
1587477519.436317,31.00700569152832,-4.563424110412598,18.465145111083984,1.8235359191894531,-3.1580143754967347,-153.6478920966182,
1587477541.7034304,31.035892486572266,-4.494384288787842,19.365938186645508,3.5634498596191406,-2.0314920657794913,-152.84763981270282,
1587477564.6874337,31.1536922454834,-4.645686626434326,20.363073348999023,1.8127326965332031,-0.8681418563052148,-152.02288081004545,
1587477586.9862988,31.198591232299805,-4.729413986206055,21.638757705688477,1.786163330078125,0.26080402330904623,-151.22321592239868,
1587477610.2560327,30.982688903808594,-4.841917991638184,22.97088623046875,1.4070396423339844,1.4388997307473075,-150.38849850393143,
1587477633.1535501,30.802034378051758,-4.796264171600342,24.24202537536621,1.5999832153320312,2.597809089961459,-149.56615738824024,
1587477655.586024,30.737733840942383,-4.766448974609375,25.348045349121094,2.958587646484375,3.7326206880101593,-148.75884268872306,
1587477678.6859024,30.5916805267334,-4.606727123260498,26.623489379882812,7.135746002197266,4.90026073653088,-147.9250131948479,
1587477701.2189422,30.426801681518555,-4.5951924324035645,27.5773868560791,2.2122879028320312,6.038077617814386,-147.10846407957288,
1587477723.7305882,30.290285110473633,-4.698893070220947,28.533370971679688,2.3738059997558594,7.173256765417798,-146.2888823603064,
1587477746.8017957,30.223270416259766,-4.944681644439697,29.479610443115234,0.7977371215820312,8.334883259261145,-145.44406992224583,
1587477769.3683765,30.043739318847656,-5.100335121154785,30.553468704223633,1.4246368408203125,9.468973845465586,-144.61230314550002,
1587477792.1674597,29.26165008544922,-5.173686504364014,31.346267700195312,100.97219467163086,10.612379955924277,-143.76563289598525,
1587477815.1551025,29.441471099853516,-5.181486129760742,32.39647674560547,106.9997673034668,11.762296090435639,-142.9048378152669,
1587477837.4854734,29.07819366455078,-5.223036289215088,33.646793365478516,105.15972137451172,12.876365684635479,-142.0608996414201,
1587477860.849866,29.290069580078125,-5.181210994720459,34.65346145629883,104.13349914550781,14.038407112470905,-141.16889059619479,
1587477883.4855082,29.132518768310547,-5.164172172546387,35.80715560913086,104.15063095092773,15.160364721388465,-140.29507717491836,
1587477906.0995612,29.02411651611328,-5.022091865539551,36.80361557006836,104.3322982788086,16.27717578276642,-139.41168782842558,image7.jpg
1587477929.1337843,29.07131576538086,-4.953029632568359,37.405357360839844,103.89115905761719,17.410071939639753,-138.50036300822748,
1587477951.5150936,29.009817123413086,-5.057658672332764,38.59550476074219,104.29826354980469,18.50596896177913,-137.6028078493961,
1587477974.936719,28.77650260925293,-5.212743282318115,39.96574783325195,103.77560424804688,19.647230392838438,-136.64983253563923,
1587477997.437211,28.77266502380371,-5.130590915679932,40.544700622558594,104.19454574584961,20.73785963158044,-135.7201071858171,
1587478019.869088,28.61037826538086,-5.170787811279297,41.411216735839844,100.94734573364258,21.81903759605844,-134.77842900494744,
1587478043.2324958,28.432647705078125,-5.195016384124756,42.552268981933594,50.54777526855469,22.93815043118669,-133.7808798766671,
1587478065.7302132,28.168479919433594,-4.998112678527832,43.09502029418945,72.06323623657227,24.008883328876447,-132.80279678752126,
1587478088.400198,27.78928565979004,-4.7543559074401855,44.253963470458984,121.79296875,25.07964354732288,-131.79949663995976,
1587478111.4329839,27.51664161682129,-4.70466947555542,44.89262771606445,122.84515380859375,26.159358143771204,-130.7601057728239,
1587478134.0346441,27.1995792388916,-4.856586933135986,45.965309143066406,120.14732360839844,27.21012298342243,-129.71949913201576,
1587478157.4315448,27.008928298950195,-4.858415126800537,46.72420883178711,118.2084846496582,28.28800708917319,-128.6195927888336,
1587478179.8489866,26.95885467529297,-4.8852362632751465,47.87160110473633,111.35223007202148,29.31082108719343,-127.54277248504606,
1587478202.9795344,26.93570327758789,-4.963143348693848,48.886993408203125,106.59777069091797,30.355317520733873,-126.40684372418124,
1587478226.280868,26.693376541137695,-5.024819374084473,49.686622619628906,120.52141571044922,31.39546312377302,-125.23584877211758,
1587478248.7627647,26.25857925415039,-5.212578773498535,50.982444763183594,119.14504623413086,32.38724757239389,-124.07885570785244,
1587478271.446678,26.023643493652344,-5.28211784362793,51.639617919921875,115.15877532958984,33.374653869756784,-122.88402339558543,
1587478294.6132154,25.772233963012695,-5.517940998077393,52.07680130004883,97.6523551940918,34.36923528084278,-121.63303326796257,
1587478317.1119978,25.63277244567871,-5.858428478240967,53.04623794555664,107.76016998291016,35.320687462414725,-120.3872614048656,
1587478340.6140292,25.296615600585938,-5.911762237548828,54.08662033081055,103.92115020751953,36.298384645872446,-119.0520550447765,
1587478363.047194,25.002605438232422,-6.021105766296387,55.021759033203125,102.33565521240234,37.21526240986579,-117.74389623380063,
1587478385.7956197,24.45558738708496,-6.087368488311768,55.738182067871094,112.03981018066406,38.12775177731739,-116.38235266427195,
1587478408.8953035,24.070049285888672,-6.249647617340088,56.850887298583984,102.7428207397461,39.03542244630956,-114.96239731696132,
1587478431.725715,23.488250732421875,-6.378086090087891,57.60816192626953,98.14868927001953,39.912726094251845,-113.52056487373913,
1587478455.0289195,22.797609329223633,-6.391107559204102,58.354373931884766,110.33056640625,40.78674783629794,-112.00806729336401,
1587478477.5295506,22.204483032226562,-6.321018218994141,58.964805603027344,107.96864700317383,41.60879525385483,-110.50754986479306,
1587478500.1386743,21.718935012817383,-6.407468318939209,59.30680465698242,105.9792366027832,42.412086971950856,-108.95872933841181,image8.jpg
1587478523.4256837,21.292905807495117,-6.5133161544799805,59.99842834472656,106.5947494506836,43.21422780317174,-107.31957273006796,
1587478545.8781762,20.785266876220703,-6.613383769989014,60.69691848754883,103.91596221923828,43.96212327200438,-105.69593431151837,
1587478568.457736,20.047164916992188,-6.808676242828369,60.700782775878906,108.98496627807617,44.68762938073772,-104.01967611560302,
1587478591.5221994,19.768754959106445,-6.882139205932617,61.71006393432617,107.85874557495117,45.3997107526574,-102.26192693270023,
1587478613.8290286,19.088136672973633,-7.076033115386963,61.91843795776367,119.18974304199219,46.0591279509817,-100.51782446775914,
1587478637.4210892,18.46333885192871,-7.2363457679748535,62.25940704345703,111.18624114990234,46.723708772318524,-98.6258893884223,
1587478659.8922098,17.939273834228516,-7.29289436340332,62.74574279785156,105.17073059082031,47.323812607890424,-96.77889695382412,
1587478682.2568939,17.183332443237305,-7.342796325683594,63.26784896850586,100.14411163330078,47.88777449746921,-94.89756232807913,
1587478705.259073,16.689939498901367,-7.484586715698242,63.814849853515625,107.89791107177734,48.431676121455666,-92.91861063871632,
1587478727.6920393,15.88960075378418,-7.637305736541748,64.2475814819336,109.04229736328125,48.92540659089379,-90.94681698760367,
1587478750.4596534,15.223196983337402,-7.78811502456665,64.18901824951172,116.98086929321289,49.388008473189586,-88.90500706730923,
1587478773.4606335,14.57244873046875,-7.893107891082764,64.2994384765625,127.54275131225586,49.81457427742439,-86.80279778418436,
1587478795.7739818,13.736088752746582,-8.05544662475586,64.30671691894531,127.0690803527832,50.187949983497724,-84.727806804902,
1587478819.5551848,13.07640266418457,-8.117371559143066,64.44315338134766,121.01272964477539,50.540698518277615,-82.48092045477793,
1587478841.8605533,12.456289291381836,-8.300280570983887,64.4114990234375,130.91011810302734,50.828078727605906,-80.34330347099572,
1587478864.588333,11.758696556091309,-8.603188514709473,64.66757202148438,127.81895446777344,51.076578085083895,-78.1389965201575,
1587478887.619901,11.134427070617676,-8.647513389587402,64.69317626953125,120.97980880737305,51.28186966587238,-75.88215858441272,
1587478909.9195006,10.397594451904297,-8.606382369995117,64.59538269042969,113.5179214477539,51.43528595991462,-73.6791766902735,
1587478932.6078527,10.027901649475098,-8.725407600402832,64.40483093261719,115.73015594482422,51.5450061187417,-71.42430584900967,
1587478955.0850625,9.287078857421875,-8.573630332946777,64.37281799316406,116.21468734741211,51.60719157604009,-69.18149712182009,
1587478977.455748,8.685274124145508,-8.89856243133545,64.39594268798828,114.22455215454102,51.62287369037443,-66.94536831963879,
1587479000.5908177,8.303491592407227,-9.067529678344727,64.180908203125,115.1195297241211,51.59054982012735,-64.6336634742913,
1587479023.0566876,7.783891677856445,-9.043829917907715,63.88986587524414,110.20513916015625,51.51203679561805,-62.39455670963186,
1587479045.8020294,7.166014671325684,-9.215261459350586,63.427024841308594,122.17551803588867,51.385545107284,-60.13808077391309,
1587479068.7356462,6.698768138885498,-9.380393028259277,63.163665771484375,125.54206466674805,51.210610302261635,-57.87862004552702,
1587479091.1679823,6.1818366050720215,-9.434696197509766,62.71330642700195,109.93321990966797,50.99400109801844,-55.687334850341436,image9.jpg
1587479114.47261,5.825932502746582,-9.742568969726562,62.657928466796875,125.26183319091797,50.72234398415952,-53.43682508486267,
1587479136.907645,5.332201957702637,-9.622859954833984,62.766090393066406,127.72190856933594,50.41668618861228,-51.29755178020673,
1587479159.384483,4.729816436767578,-9.893291473388672,61.96842575073242,129.8023223876953,50.06812797488819,-49.18496743973262,
1587479182.6500785,4.303023815155029,-9.990738868713379,61.252281188964844,131.90624618530273,49.6639037194285,-47.03378228516417,
1587479205.0828247,3.908132553100586,-10.078557968139648,60.84873962402344,122.22959899902344,49.23354374510975,-44.99641198783024,
1587479227.784111,3.463320732116699,-10.29372501373291,60.41461181640625,119.93434524536133,48.75880461665884,-42.973870031184404,
1587479250.7816436,3.015784502029419,-10.489860534667969,59.75303268432617,112.69903182983398,48.23904771138838,-40.967034094535016,
1587479273.1533022,2.6586456298828125,-10.618003845214844,59.77491760253906,117.20903015136719,47.697338578125496,-39.056848749735884,
1587479296.4525168,2.4502110481262207,-10.85181713104248,59.21965026855469,108.19050216674805,47.09683517648715,-37.11265589305927,
1587479318.9544394,2.0481693744659424,-11.028532028198242,58.3159294128418,116.88451766967773,46.483173415412764,-35.27949800662496,
1587479341.4249578,1.7254276275634766,-11.126470565795898,57.88007736206055,113.92764282226562,45.83874165212748,-33.49287419900595,
1587479364.6192873,1.3449692726135254,-11.33082389831543,57.5785026550293,104.30532836914062,45.141994054894475,-31.69511718303982,
1587479386.9984038,0.9844489097595215,-11.677221298217773,56.954002380371094,114.65260696411133,44.44064291016089,-30.004720495542532,
1587479410.1369283,0.7131876945495605,-11.751684188842773,56.51587677001953,125.71366119384766,43.687003252236266,-28.302398297754404,
1587479433.2008195,0.3289814591407776,-11.719449996948242,55.4522819519043,132.02471160888672,42.908406083084415,-26.650875631918247,
1587479455.5710216,-0.0654589980840683,-11.76709270477295,54.586700439453125,132.60532760620117,42.12838481949062,-25.091352199107575,
1587479478.8138032,-0.477403849363327,-12.037384033203125,53.96524429321289,124.61098861694336,41.293431759497,-23.514292255602896,
1587479501.248849,-0.8499687314033508,-12.40308952331543,53.34746551513672,120.35289764404297,40.46502885091741,-22.032781535944817,
1587479523.8694694,-1.2358731031417847,-12.637662887573242,52.72211456298828,123.27969741821289,39.60865631768663,-20.57843960125776,
1587479546.6832492,-1.5862834453582764,-12.816109657287598,52.487518310546875,103.05747985839844,38.72436880131801,-19.15008312126801,
1587479569.1516178,-1.8748321533203125,-13.166181564331055,51.650028228759766,102.36038589477539,37.83507134119318,-17.78093242855123,
1587479592.1852522,-2.088846206665039,-13.432906150817871,50.84092712402344,127.16463088989258,36.90473127434574,-16.41344317935005,
1587479614.8847432,-2.422499179840088,-13.63218879699707,49.92207717895508,118.54705429077148,35.97084633931907,-15.100844745413681,
1587479637.4842985,-2.894308567047119,-13.544312477111816,49.04540252685547,103.55728912353516,35.02502906381238,-13.82693079538897,
1587479660.9848118,-3.1050074100494385,-13.704070091247559,48.2916374206543,107.51557159423828,34.02568701087489,-12.535852579980018,
1587479683.6295037,-3.283020496368408,-13.767890930175781,47.61570358276367,108.67436981201172,33.048198148186856,-11.322576195633033,image10.jpg
1587479706.4502442,-3.7433316707611084,-13.810508728027344,46.834930419921875,114.57427597045898,32.049668887760596,-10.129248232530719,
1587479729.464648,-4.154603004455566,-14.123334884643555,46.282501220703125,109.23117065429688,31.029662097489233,-8.954099671678039,
1587479751.867538,-4.380067825317383,-14.441225051879883,45.17917251586914,120.95179748535156,30.025098364931267,-7.836338360231806,
1587479775.01233,-4.122350692749023,-14.795129776000977,44.223052978515625,129.16405868530273,28.975800308404303,-6.707202222496562,
1587479797.3787637,-4.808316707611084,-14.821464538574219,43.38408279418945,121.5361328125,27.951464885746443,-5.639641520789454,
1587479819.7789385,-5.2966084480285645,-15.012784004211426,42.278873443603516,118.46579360961914,26.916011622667096,-4.59249582762469,
1587479842.8851917,-5.695476531982422,-15.208443641662598,41.23639678955078,118.2496337890625,25.838503177320685,-3.534212443801163,
1587479865.2809174,-6.005922794342041,-15.322955131530762,40.64394760131836,126.82404708862305,24.78556121487152,-2.5284980378114623,
1587479887.7632062,-6.06472110748291,-15.482186317443848,39.70461654663086,126.47016525268555,23.720627147787106,-1.5376253127230817,
1587479910.664158,-6.4546027183532715,-15.426081657409668,38.86672592163086,122.08865356445312,22.628228890050067,-0.546481567862869,
1587479933.1933596,-6.612863540649414,-15.545845985412598,37.94801712036133,116.19099044799805,21.546554029309952,0.4117302598315684,
1587479956.4943738,-6.997633457183838,-15.547332763671875,36.625118255615234,117.53664016723633,20.42098154277416,1.386313250553733,
1587479978.7940075,-7.2198076248168945,-15.806599617004395,36.09510040283203,115.65277099609375,19.337725493241187,2.3043440358563374,
1587480001.1670082,-7.550105094909668,-15.821245193481445,34.7435302734375,120.0067138671875,18.245400660037728,3.2119126788977748,
1587480024.9118946,-7.881041526794434,-15.620553016662598,33.576107025146484,116.08596801757812,17.080540925396026,4.1613674570243155,
1587480047.3132308,-8.07140827178955,-15.684871673583984,32.37699508666992,113.96791458129883,15.976712346082973,5.045082945049953,
1587480069.9438307,-7.952793121337891,-15.367728233337402,30.886104583740234,115.90484619140625,14.857179454320768,5.9268919565235105,
1587480092.8972359,-8.252567291259766,-15.397314071655273,29.633577346801758,115.43485260009766,13.717557268662263,6.810916510609091,
1587480115.2449644,-8.392274856567383,-15.344980239868164,28.144062042236328,116.70637130737305,12.604325226409395,7.6624741873618385,
1587480138.3105733,-7.767478942871094,-15.541443824768066,26.76551055908203,120.91728210449219,11.451957053986,8.532733348948904,
1587480160.7494502,-8.008102416992188,-15.278203010559082,25.572010040283203,104.88020324707031,10.327853058121764,9.37179732904923,
1587480183.3306975,-8.213751792907715,-14.955435752868652,24.72569465637207,114.99446868896484,9.194025434200368,10.2093817194206,
1587480206.381271,-8.12630558013916,-14.750484466552734,23.68287467956543,106.0235824584961,8.03420296407155,11.058205186071227,
1587480228.7473652,-8.247220993041992,-14.600561141967773,22.524154663085938,102.78669357299805,6.9068268807080555,11.876603575064033,
1587480251.347414,-8.238910675048828,-14.339764595031738,21.290985107421875,122.91682815551758,5.765915923730534,12.69913764359928,
1587480274.4371953,-7.966873645782471,-13.958196640014648,19.818838119506836,108.65378952026367,4.5988316818535235,13.535645425402729,image11.jpg
1587480296.7659883,-7.764623165130615,-13.808213233947754,18.59946060180664,107.60316848754883,3.4690812539798026,14.341643605957376,
1587480320.0279074,-7.6498122215271,-13.476373672485352,17.434110641479492,109.52202224731445,2.2912719075585795,15.179002600086136,
1587480342.4277413,-7.358971118927002,-13.364872932434082,16.579757690429688,103.29756546020508,1.1565929645901654,15.983819157914372,
1587480364.9606586,-7.201897144317627,-12.73781681060791,15.795039176940918,114.82079315185547,0.014953480225759696,16.79263991414353,
1587480388.063286,-6.805829048156738,-12.337252616882324,14.880250930786133,118.46887588500977,-1.1555286290184068,17.621886351085603,
1587480410.4768085,-6.404057502746582,-11.989988327026367,13.730289459228516,128.81166458129883,-2.2907035077535873,18.427039295730463,
1587480433.8072217,-6.016887664794922,-11.659551620483398,12.754290580749512,114.48869705200195,-3.4717251775188323,19.266662497569083,
1587480456.4522338,-5.831923961639404,-11.127471923828125,11.899187088012695,118.32596206665039,-4.617097742128253,20.08380754684919,
1587480479.1252773,-5.476591110229492,-10.48936653137207,11.326018333435059,113.20403289794922,-5.7626254800978804,20.904852634145374,
1587480502.680135,-5.065442085266113,-10.100687980651855,10.640644073486328,121.92219543457031,-6.951148832005915,21.761766459867882,
1587480525.4107578,-4.655012607574463,-9.711152076721191,9.550061225891113,123.75785064697266,-8.096151072296275,22.593198557344365,
1587480548.3788824,-4.276832580566406,-9.149848937988281,8.741509437561035,102.83482360839844,-9.250960183574303,23.4386718162071,
1587480571.6776578,-4.040192127227783,-8.703561782836914,8.163479804992676,103.39094543457031,-10.419806187370353,24.302613906585552,
1587480594.2788947,-3.5360376834869385,-8.338592529296875,7.453013896942139,104.56936645507812,-11.550787329955146,25.147518552199884,
1587480618.391457,-3.290827512741089,-7.945114612579346,7.045564651489258,97.4847640991211,-12.754010529617517,26.0573185326658,
1587480641.010667,-3.0879690647125244,-7.530669212341309,6.469311237335205,104.09421920776367,-13.879102341590466,26.91945403800878,
1587480663.908906,-3.0057497024536133,-6.903531074523926,6.291779518127441,107.12035751342773,-15.014185012771852,27.801682252342648,
1587480687.1242352,-2.834871768951416,-6.646304130554199,5.94816255569458,111.7298469543457,-16.160639095147662,28.70676598718667,
1587480709.7935262,-2.588303565979004,-6.12159538269043,5.639163970947266,111.37701034545898,-17.27544720355151,29.601742749606366,
1587480732.9596848,-2.2360501289367676,-5.883604526519775,5.183269023895264,101.46068572998047,-18.4095608416444,30.528742853949666,
1587480755.693394,-2.2675886154174805,-5.6079277992248535,5.202359676361084,100.36445999145508,-19.517060647636335,31.451586788183015,
1587480778.3403487,-2.1420817375183105,-5.201537132263184,4.5265069007873535,99.01127624511719,-20.614494462338964,32.38477162881976,
1587480801.8417664,-2.035184144973755,-4.863603115081787,4.669017314910889,110.07612609863281,-21.746782732376168,33.36891309575939,
1587480824.575799,-2.3985912799835205,-4.220948219299316,4.49570369720459,85.13824081420898,-22.835180206806868,34.337147052122056,
1587480847.5753796,-2.2699429988861084,-3.7823688983917236,4.4359331130981445,113.20234680175781,-23.928963285398126,35.33408829356629,
1587480870.8416448,-2.1644370555877686,-3.58282732963562,4.289185047149658,107.3174819946289,-25.027303807713075,36.36144778247917,image12.jpg
1587480893.576059,-2.2918436527252197,-3.0461394786834717,4.068501949310303,100.21235275268555,-26.092195186115177,37.38486966733554,
1587480917.1746185,-2.4191830158233643,-2.7839415073394775,4.1826887130737305,96.06662368774414,-27.18817929316647,38.46880361314364,
1587480939.8578672,-2.4128975868225098,-2.552321434020996,3.985121250152588,97.90227890014648,-28.23207125496537,39.532684123548584,
1587480962.8917973,-2.574160099029541,-2.2577712535858154,3.2500908374786377,110.91058731079102,-29.281799613410044,40.63626169340964,
1587480986.158685,-2.7940497398376465,-2.0623977184295654,2.9299328327178955,110.57242202758789,-30.330991802004874,41.77615879418224,
1587481008.8565013,-2.8284358978271484,-1.8113781213760376,2.311450958251953,97.62104797363281,-31.34295604452855,42.91376778158288,
1587481031.7422438,-3.12458872795105,-1.497751235961914,1.8464332818984985,65.25135040283203,-32.351170513197886,44.087887545191826,
1587481054.7772777,-3.3064966201782227,-1.0819231271743774,1.205907940864563,41.733158111572266,-33.35254113231887,45.29809802837512,
1587481077.4420874,-3.5593416690826416,-1.214374303817749,0.5765843391418457,117.15347671508789,-34.324217504023224,46.518447927381295,
1587481101.0262964,-3.4535939693450928,-0.8632314801216125,0.10015647858381271,128.4266357421875,-35.31992931141685,47.820725945481776,
1587481123.6418836,-3.538649082183838,-0.5701789855957031,-0.43901708722114563,131.77947616577148,-36.25912130342863,49.10197381112779,
1587481146.606394,-3.7640511989593506,-0.5352155566215515,-0.9335242509841919,132.12872314453125,-37.1962164273652,50.43692403912303,
1587481169.5895133,-3.7789525985717773,-0.5649647116661072,-1.4016026258468628,132.79731369018555,-38.1163624368764,51.80863093013669,
1587481192.0016725,-3.6614630222320557,-0.6504886746406555,-1.9357943534851074,133.11472702026367,-38.995547801935025,53.18190193447028,
1587481215.725019,-3.536792278289795,-0.44271644949913025,-2.47395396232605,133.47734451293945,-39.90557488619084,54.67530572102064,
1587481238.1593108,-3.5658509731292725,-0.5454129576683044,-3.361217737197876,129.88703155517578,-40.745520814467746,56.126434051703214,
1587481260.589715,-3.692643165588379,-0.4451397955417633,-3.5265352725982666,131.23557662963867,-41.56412923177753,57.61626564931766,
1587481283.789115,-3.566288948059082,-0.4849788248538971,-4.134134769439697,132.2512550354004,-42.38729338526371,59.19933274419736,
1587481306.2542074,-3.698958396911621,-0.5103758573532104,-5.367470741271973,60.43452072143555,-43.16037517666077,60.77417629131637,
1587481328.6710484,-3.6239078044891357,-0.47749459743499756,-6.0325140953063965,3.925312042236328,-43.906911437848585,62.38745331289505,
1587481351.7223918,-3.715209722518921,-0.6805365085601807,-6.959681987762451,1.8618316650390625,-44.64737566086425,64.09087517113954,
1587481373.9562528,-3.5501785278320312,-0.6899818181991577,-7.839447021484375,2.3711814880371094,-45.33404872907148,65.77700982059474,
1587481397.22067,-3.5006420612335205,-0.7798798680305481,-8.720335006713867,1.3234634399414062,-46.02220736342319,67.58711923367484,
1587481419.5548558,-3.2739648818969727,-0.8023199439048767,-9.157548904418945,1.7739753723144531,-46.652183031330146,69.36886970132105,
1587481441.970236,-3.231330394744873,-0.7741514444351196,-10.309539794921875,1.1968498229980469,-47.252935734873205,71.20056934236756,
1587481464.8880758,-2.88187837600708,-0.879952073097229,-11.150406837463379,3.546001434326172,-47.83292466333942,73.11746876312081,image13.jpg
1587481487.198689,-2.754969358444214,-1.0261479616165161,-12.093427658081055,0.7607688903808594,-48.362971248594505,75.02593290024909,
1587481509.7672584,-2.859819173812866,-0.9649665951728821,-12.660455703735352,0.8830337524414062,-48.8630401335824,76.99785632495596,
1587481532.8509784,-2.6049606800079346,-0.8990635275840759,-14.063910484313965,0.9598922729492188,-49.33550822413428,79.05624994455519,
1587481555.1363127,-2.1553916931152344,-1.17909836769104,-14.894461631774902,1.381072998046875,-49.75286010317874,81.08125076930223,
1587481578.4352944,-1.7681695222854614,-1.423513650894165,-15.946481704711914,1.0220298767089844,-50.14714643339607,83.23581345241524,
1587481600.703574,-1.3551279306411743,-1.5398284196853638,-16.87889862060547,0.69622802734375,-50.48260434429207,85.32805748954107,
1587481623.301687,-0.45878860354423523,-1.6386325359344482,-17.666521072387695,2.1637611389160156,-50.78057817702305,87.48127462538758,
1587481646.1373067,-0.2663811445236206,-1.6190474033355713,-18.375944137573242,1.39605712890625,-51.037205459613354,89.68411991574341,
1587481668.3687315,-0.07547962665557861,-1.7197489738464355,-18.61522674560547,2.7660484313964844,-51.243241531021376,91.85106573182166,
1587481690.9680583,0.5369876027107239,-1.7653852701187134,-19.13326644897461,3.033172607421875,-51.40766125981651,94.07248913671992,
1587481714.0514708,0.7613769173622131,-1.9157469272613525,-19.59050178527832,0.9368171691894531,-51.52815604205929,96.3570029989816,
1587481736.3670998,1.2928707599639893,-1.9345811605453491,-20.485763549804688,6.704154968261719,-51.598534311267095,98.57361795070418,
1587481759.684491,1.8716315031051636,-2.213771104812622,-21.08108901977539,1.9195022583007812,-51.623467916832226,100.89565004207674,
1587481781.9201703,2.4071314334869385,-2.4136998653411865,-21.92314910888672,1.871612548828125,-51.6008565755849,103.11002469175155,
1587481804.933623,3.08097767829895,-2.5659897327423096,-22.344907760620117,2.0037918090820312,-51.52985334406803,105.39692229003356,
1587481827.9841723,3.7195115089416504,-2.5847978591918945,-22.780521392822266,1.0474472045898438,-51.41047529775455,107.67748830295497,
1587481850.3634236,4.4484100341796875,-2.6319947242736816,-23.034570693969727,0.8667030334472656,-51.24879105972201,109.87755370631861,
1587481873.4809287,5.10451078414917,-2.742147207260132,-23.743492126464844,3.2616920471191406,-51.03503687455187,112.13083311350582,
1587481895.9320188,5.797024726867676,-2.730931282043457,-24.562881469726562,3.2331199645996094,-50.78271261113868,114.29639240118254,
1587481918.4685376,6.437210559844971,-3.1335604190826416,-24.705215454101562,1.5088348388671875,-50.4859921181204,116.44366044226199,
1587481941.9326992,7.465399742126465,-3.1682791709899902,-25.082155227661133,2.1985511779785156,-50.131877545506505,118.64744829872328,
1587481964.4353201,8.093335151672363,-3.589052677154541,-25.323862075805664,2.2383575439453125,-49.75012802751073,120.72715893872211,
1587481987.278625,8.856206893920898,-3.4837350845336914,-25.84770965576172,0.7162857055664062,-49.32162927974082,122.80182889911349,
1587482010.3683522,9.57352352142334,-3.469585657119751,-25.71422576904297,2.652576446533203,-48.8478941890979,124.85908187712133,
1587482032.9961474,10.458856582641602,-3.4076457023620605,-25.778301239013672,1.6115379333496094,-48.345431322805915,126.83431794357566,
1587482056.3810425,11.786989212036133,-3.4292385578155518,-25.632587432861328,3.390605926513672,-47.78786249029026,128.83172480407586,image14.jpg
1587482078.914759,12.460555076599121,-3.5445504188537598,-25.423288345336914,2.1871376037597656,-47.215233090654735,130.71296380717246,
1587482101.4464467,13.038311958312988,-3.51324200630188,-25.341941833496094,0.8887481689453125,-46.60941238674753,132.55058522222936,
1587482124.8140602,13.710726737976074,-3.79288911819458,-24.93201446533203,1.9327392578125,-45.947488508997836,134.4101178841437,
1587482147.2912402,14.371033668518066,-3.699411153793335,-24.55838394165039,0.5070075988769531,-45.27996387612873,136.15411106605805,
1587482170.1141427,15.052550315856934,-3.8266844749450684,-24.079193115234375,3.2814102172851562,-44.572663636628064,137.88029111461705,
1587482193.2141192,15.96441650390625,-3.8769068717956543,-24.076129913330078,1.7846412658691406,-43.827961281232405,139.5819917651907,
1587482215.8318782,16.73470115661621,-3.995556354522705,-23.5876407623291,2.477245330810547,-43.072115472205866,141.20442124025718,
1587482239.545315,17.410430908203125,-3.8926994800567627,-23.631237030029297,3.5597877502441406,-42.2527284133307,142.85981320825815,
1587482262.2311096,18.05267333984375,-3.8156919479370117,-22.79966926574707,0.8997802734375,-41.44443699676223,144.40060826236464,
1587482284.9960845,18.862682342529297,-3.9597039222717285,-22.499311447143555,0.7484283447265625,-40.61051871042786,145.9058590120304,
1587482308.230849,19.661033630371094,-3.952153205871582,-21.975095748901367,1.8955307006835938,-39.73715949673125,147.4009464402112,
1587482330.8648086,20.343753814697266,-3.9225244522094727,-20.994020462036133,1.1502571105957031,-38.86589373601526,148.81863416471737,
1587482354.2083461,20.774280548095703,-3.9037623405456543,-20.27210235595703,0.9746475219726562,-37.947369896431944,150.24199094623467,
1587482376.707545,21.412811279296875,-3.7816431522369385,-19.944610595703125,1.29840087890625,-37.04391686925226,151.57794862713246,
1587482399.2790644,21.816211700439453,-3.850637674331665,-19.147781372070312,2.2215576171875,-36.12068019914164,152.88409936249235,
1587482423.0775318,23.045534133911133,-3.7632648944854736,-18.35286521911621,1.1736335754394531,-35.129981750598795,154.22572610040126,
1587482445.8117526,23.47832489013672,-3.7742741107940674,-17.503602981567383,1.5144081115722656,-34.16794619090792,155.47473547316483,
1587482468.5225523,24.017562866210938,-3.7023751735687256,-16.751420974731445,0.5756072998046875,-33.19256102648424,156.69199812666616,
1587482491.7126188,24.385997772216797,-3.767125129699707,-15.91795825958252,3.37548828125,-32.18263901052241,157.90494410061206,
1587482514.1438446,24.74622917175293,-3.7526562213897705,-14.736822128295898,1.5616798400878906,-31.19313242998973,159.050681013125,
1587482537.5433667,25.25899887084961,-3.8038089275360107,-13.994105339050293,1.0033988952636719,-30.148451581341696,160.21842479514373,
1587482560.0283823,25.824127197265625,-3.819190263748169,-12.959521293640137,1.5679397583007812,-29.133386432934838,161.31535317584778,
1587482582.7923253,26.380041122436523,-4.037529468536377,-12.123400688171387,0.8587188720703125,-28.095146452674125,162.40207725393185,
1587482605.9782958,27.084226608276367,-4.010916233062744,-10.895023345947266,4.033329010009766,-27.027338583496427,163.48561846386266,
1587482628.327453,27.689647674560547,-3.967736005783081,-10.178736686706543,0.9619827270507812,-25.988888574918736,164.50890374493562,
1587482650.8261771,27.94947624206543,-4.197225093841553,-9.440402030944824,3.0718460083007812,-24.93492379164136,165.51922532696392,image15.jpg
1587482673.8602214,28.14396095275879,-4.198238372802734,-8.164021492004395,2.8553123474121094,-23.847521817282185,166.53413679611444,
1587482696.2117853,28.47575569152832,-4.099498748779297,-6.9322190284729,2.843982696533203,-22.784857080549507,167.50119595993988,
1587482719.2426696,29.01517105102539,-4.0014967918396,-6.179296016693115,1.814788818359375,-21.682502114549884,168.480576785028,
1587482741.6421578,28.889175415039062,-4.171565532684326,-5.115190505981445,0.8969459533691406,-20.603871810632302,169.41729624856023,
1587482764.1427183,29.45100212097168,-4.203563213348389,-3.877471685409546,2.0772705078125,-19.51417147761742,170.34372944720243,
1587482787.041574,29.992557525634766,-4.355863571166992,-2.502873420715332,1.6006011962890625,-18.399334340909597,171.2725122309191,
1587482809.4420483,30.29237174987793,-4.333857536315918,-1.4071913957595825,1.4307365417480469,-17.30349025273629,172.16829154056626,
1587482831.9747434,30.73380470275879,-4.44743537902832,-0.3265312910079956,1.19580078125,-16.196280729784082,173.0575411893669,
1587482854.9240694,31.038766860961914,-4.573867321014404,0.868295431137085,0.9756278991699219,-15.063965138990197,173.95194080080174,
1587482877.2871342,31.660890579223633,-4.774886131286621,2.0150492191314697,1.126678466796875,-13.956386785822806,174.8134462211938,
1587482900.458555,31.789653778076172,-4.9144206047058105,3.517418146133423,1.5859832763671875,-12.804814330437718,175.6964803978497,
1587482922.7246168,31.845321655273438,-5.2041497230529785,4.540557861328125,1.2451553344726562,-11.694817236530497,176.53660732613963,
1587482945.1577697,31.989625930786133,-5.068244934082031,5.738539218902588,0.9983062744140625,-10.57343763237145,177.37550482037892,
1587482968.022646,32.21559524536133,-4.853762149810791,7.282904624938965,1.1109809875488281,-9.427562408527798,178.22362306999776,
1587482990.3277483,32.37966537475586,-4.713720798492432,8.376111030578613,1.3146400451660156,-8.307279903504185,179.04498063844846,
1587483013.7902532,32.405574798583984,-4.751712799072266,9.887625694274902,2.632892608642578,-7.126658226692209,179.90333051144398,
1587483036.0903676,32.23554992675781,-4.8054094314575195,11.387251853942871,1.9093475341796875,-6.002555511488442,-179.28532133496287,
1587483058.3091538,32.158077239990234,-4.893465042114258,12.792012214660645,1.3672561645507812,-4.88109607949347,-178.48065674884367,
1587483081.540329,32.2625846862793,-4.875967979431152,13.868026733398438,1.9475975036621094,-3.7072213489209975,-177.64248325465638,
1587483103.7216618,32.25944900512695,-4.973465442657471,15.041162490844727,1.9220695495605469,-2.5853813473232092,-176.84445761241045,
1587483126.2714584,31.974279403686523,-5.237873554229736,16.471023559570312,1.6996345520019531,-1.4442116969308734,-176.0347250259271,
1587483149.279729,32.05625534057617,-5.070111274719238,17.967084884643555,1.7938423156738281,-0.279355964353138,-175.20939228737942,
1587483171.539078,32.07527160644531,-5.213259220123291,19.17666244506836,2.3279151916503906,0.8475208215098587,-174.41118906021507,
1587483194.6409936,31.834409713745117,-5.312022686004639,20.168691635131836,3.569934844970703,2.0169915741715543,-173.5820997176239,
1587483216.9525657,31.949831008911133,-5.3075337409973145,21.332056045532227,0.9812889099121094,3.146000926520329,-172.78008524490266,
1587483239.2237256,31.74679946899414,-5.389379978179932,22.3419246673584,2.0182228088378906,4.272256005086295,-171.97753801742616,image16.jpg
1587483262.3883235,31.434814453125,-5.4567670822143555,23.949129104614258,3.259662628173828,5.442639228332422,-171.13993825912914,
1587483284.7202437,31.419641494750977,-5.534458637237549,25.082019805908203,2.502208709716797,6.569617880063587,-170.32896257821685,
1587483307.2541435,31.103384017944336,-5.4233293533325195,26.61526107788086,2.0683441162109375,7.70516713854265,-169.50647119836393,
1587483330.1873188,30.934350967407227,-5.376156330108643,27.53129005432129,1.8880805969238281,8.858891957289938,-168.66426789256633,
1587483352.7397726,30.760025024414062,-5.796584129333496,28.354856491088867,30.330913543701172,9.991221208462163,-167.83026081377275,
1587483376.0546498,30.56566619873047,-5.665167331695557,29.50981330871582,107.56097030639648,11.15908366501773,-166.961214864537,
1587483398.5350683,30.548032760620117,-5.757524013519287,30.317157745361328,106.46070861816406,12.282450854225251,-166.11570574718112,
1587483421.2901437,30.30069351196289,-5.7436628341674805,31.665292739868164,104.64359664916992,13.415980511144106,-165.2518507417146,
1587483444.5020099,30.03303337097168,-5.5604143142700195,32.77933120727539,103.83914947509766,14.56866543359026,-164.36112577205324,
1587483467.1351998,29.749147415161133,-5.366189479827881,33.557945251464844,104.50580215454102,15.688606429155373,-163.48259952024952,
1587483490.0178027,29.163578033447266,-5.33419132232666,34.454166412353516,104.14958572387695,16.81658655737359,-162.58336413488232,
1587483513.1895266,28.97549819946289,-5.379424095153809,35.3515510559082,103.04962158203125,17.95380110134967,-161.66068754028365,
1587483535.8216133,29.358230590820312,-5.668208122253418,36.30610656738281,103.33860397338867,19.0594106524888,-160.74671260668754,
1587483559.352848,28.966541290283203,-5.681460380554199,37.271392822265625,104.03483581542969,20.203076310135952,-159.78201668831494,
1587483581.9266355,28.719852447509766,-5.682456970214844,38.00029373168945,103.69569778442383,21.2941512187213,-158.84178650754933,
1587483605.1838923,28.50489616394043,-5.777313232421875,38.947357177734375,95.33522033691406,22.411522355611197,-157.85692787074686,
1587483628.4328492,28.397964477539062,-5.653021812438965,39.72205352783203,45.19152069091797,23.521274416481944,-156.85480251572258,
1587483650.9325655,28.119247436523438,-5.837010860443115,40.047515869140625,69.95395278930664,24.5877930874538,-155.86722546363043,
1587483674.284177,27.664182662963867,-5.706496715545654,41.0845947265625,115.29580307006836,25.6863726663897,-154.82260267159035,
